"run_year","SRRy","SRR","ExploitR"
2010,0.121818813952801,NA,0.17032072
2011,0.252384198200599,NA,0.4235242972
2012,0.437286607940081,0.463073641386731,0.5454423842
2013,0.406843204049025,0.470357072344448,0.5319978144
2014,0.540138690117938,0.650772229489174,0.6145091558
2015,0.478679092100654,0.623333918386667,0.5549384387
2016,0.479595933839371,0.56080429208742,0.5631194689
2017,0.511180142031186,0.562436916661747,0.6765793832
2018,0.346699922783858,0.417605708773258,0.5214052985
2019,0.591165014562906,0.624363053291993,0.6770212917
2020,0.479879555199361,NA,0.6081524361
